{
    "widgetid": "kdnNodeAppReqRespTimeChart",
    "type": "chart",
    "tags": [{ "entityType": "service" }],
    "nlsBundleId": "ibm.kdn",
    "owner": "ibm.kdn",
    "datadef": {
        "query": "metric",
        "uri": "/metric/0.9/values",
        "parameters": {
            "metrics": ["averageServiceResponseTime"],
            "dimensions": [{ "averageServiceResponseTime": "requestName=<%DIM%>" }]
        }
    },
    "title": "avg_resp_time_per_request_title",
    "expanded": true,
    "labels": {
        "yAxis": "label_avg_resp_time",
        "metricNames": ["label_avg_resp_time"]
    }
}