{

    "widgetid": "kdnNodeAppGroup",
    "type": "group",
    "tags": [{ "entityType": "service" }],
    "nlsBundleId": "ibm.kdn",
    "owner": "ibm.kdn",
    "expanded": true,
    "gridParams": {
        "cols": 18,
        "rowHeight": 20,
        "margin": [6, 0]
    },
    "title": "nodejs_analysis_title",
    "description": "nodejs_analysis_desc",
    "layout": [
        { "w": 9, "h": 10, "x": 0, "y": 10, "i": "kdnNodeAppHitCountChart", "minW": 3, "minH": 2 },
        { "w": 9, "h": 10, "x": 9, "y": 10, "i": "kdnNodeAppAvgRespTimeChart", "minW": 3, "minH": 2 },
        { "w": 9, "h": 10, "x": 0, "y": 20, "i": "kdnNodeAppReqTable", "minW": 3, "minH": 2 },
        { "w": 9, "h": 10, "x": 9, "y": 20, "i": "kdnNodeAppReqRespTimeChart", "minW": 3, "minH": 2 }
    ]
}