{
    "widgetid": "kdnNodeAppReqTable",
    "type": "table",
    "tags": [{ "entityType": "service" }],
    "nlsBundleId": "ibm.kdn",
    "owner": "ibm.kdn",
    "datadef": {
        "query": "values",
        "parameters": {
            "metrics": ["averageServiceResponseTime", "throughput"],
            "group_by_dimension": {
                "averageServiceResponseTime": "requestName",
                "throughput": "requestName"
            },
            "latest_value": true
        }
    },
    "expanded": true,
    "labels": {
        "headers": ["label_avg_resp_time", "label_hit_count_min"]
    }
}