{
    "pageid": "application_page",
    "tags": [{ "entityType": "service" }],
    "nlsBundleId": "ibm.kdn",
    "name": "application_page_name",
    "title": "application_page_title",
    "description": "application_page_desc",
    "owner": "ibm.kdn",
    "gridParams": {
        "cols": 24,
        "rowHeight": 16,
        "margin": [6, 6],
        "compactType": "vertical",
        "isDraggable": true,
        "isResizeable": true
    },
    "layout": [
        { "w": 24, "h": 67, "x": 0, "y": 0, "i": "kdnNodeAppGroup", "minW": 3, "minH": 1 },
        { "w": 0, "h": 0, "x": 0, "y": 0, "i": "kdnNodeAppHitCountChart", "member": "Y" },
        { "w": 0, "h": 0, "x": 0, "y": 0, "i": "kdnNodeAppAvgRespTimeChart", "member": "Y" },
        { "w": 0, "h": 0, "x": 0, "y": 0, "i": "kdnNodeAppReqTable", "member": "Y" },
        { "w": 0, "h": 0, "x": 0, "y": 0, "i": "kdnNodeAppReqRespTimeChart", "member": "Y" }
    ]
}